{
  "model_path": "Unknown",
  "total_samples_evaluated": 8,
  "metrics": {
    "accuracy": 0.625,
    "weighted_f1": 0.5958333333333333,
    "macro_f1": 0.49333333333333335,
    "weighted_precision": 0.7291666666666666,
    "weighted_recall": 0.625,
    "f1_Neoplastic": 0.6666666666666666,
    "precision_Neoplastic": 0.5,
    "recall_Neoplastic": 1.0,
    "f1_Inflammatory": 0.5,
    "precision_Inflammatory": 1.0,
    "recall_Inflammatory": 0.3333333333333333,
    "f1_Connective": 0.5,
    "precision_Connective": 0.5,
    "recall_Connective": 0.5,
    "f1_Dead": 0.0,
    "precision_Dead": 0.0,
    "recall_Dead": 0.0,
    "f1_Epithelial": 0.8,
    "precision_Epithelial": 0.6666666666666666,
    "recall_Epithelial": 1.0
  },
  "per_sample_results": [
    {
      "sample_idx": 277,
      "true_label": 2,
      "true_class": "Connective",
      "pred_label": 0,
      "pred_class": "Neoplastic",
      "confidence": 0.2538202106952667,
      "correct": false,
      "probabilities": {
        "Neoplastic": 0.2538202106952667,
        "Inflammatory": 0.1659773737192154,
        "Connective": 0.16756238043308258,
        "Dead": 0.16825060546398163,
        "Epithelial": 0.24438945949077606
      }
    },
    {
      "sample_idx": 13735,
      "true_label": 1,
      "true_class": "Inflammatory",
      "pred_label": 1,
      "pred_class": "Inflammatory",
      "confidence": 0.37241509556770325,
      "correct": true,
      "probabilities": {
        "Neoplastic": 0.13891133666038513,
        "Inflammatory": 0.37241509556770325,
        "Connective": 0.22033195197582245,
        "Dead": 0.13164712488651276,
        "Epithelial": 0.13669453561306
      }
    },
    {
      "sample_idx": 15832,
      "true_label": 0,
      "true_class": "Neoplastic",
      "pred_label": 0,
      "pred_class": "Neoplastic",
      "confidence": 0.26531583070755005,
      "correct": true,
      "probabilities": {
        "Neoplastic": 0.26531583070755005,
        "Inflammatory": 0.1868489384651184,
        "Connective": 0.18838194012641907,
        "Dead": 0.17796975374221802,
        "Epithelial": 0.18148358166217804
      }
    },
    {
      "sample_idx": 17497,
      "true_label": 1,
      "true_class": "Inflammatory",
      "pred_label": 4,
      "pred_class": "Epithelial",
      "confidence": 0.4914137125015259,
      "correct": false,
      "probabilities": {
        "Neoplastic": 0.11617773771286011,
        "Inflammatory": 0.12053457647562027,
        "Connective": 0.13892412185668945,
        "Dead": 0.1329498291015625,
        "Epithelial": 0.4914137125015259
      }
    },
    {
      "sample_idx": 23785,
      "true_label": 4,
      "true_class": "Epithelial",
      "pred_label": 4,
      "pred_class": "Epithelial",
      "confidence": 0.46183106303215027,
      "correct": true,
      "probabilities": {
        "Neoplastic": 0.1492478847503662,
        "Inflammatory": 0.12139866501092911,
        "Connective": 0.1465703397989273,
        "Dead": 0.12095203250646591,
        "Epithelial": 0.46183106303215027
      }
    },
    {
      "sample_idx": 26830,
      "true_label": 2,
      "true_class": "Connective",
      "pred_label": 2,
      "pred_class": "Connective",
      "confidence": 0.2906346917152405,
      "correct": true,
      "probabilities": {
        "Neoplastic": 0.1254187822341919,
        "Inflammatory": 0.1988053172826767,
        "Connective": 0.2906346917152405,
        "Dead": 0.11900866031646729,
        "Epithelial": 0.26613256335258484
      }
    },
    {
      "sample_idx": 32674,
      "true_label": 4,
      "true_class": "Epithelial",
      "pred_label": 4,
      "pred_class": "Epithelial",
      "confidence": 0.4780873656272888,
      "correct": true,
      "probabilities": {
        "Neoplastic": 0.1108875721693039,
        "Inflammatory": 0.16556428372859955,
        "Connective": 0.13135291635990143,
        "Dead": 0.11410785466432571,
        "Epithelial": 0.4780873656272888
      }
    },
    {
      "sample_idx": 33797,
      "true_label": 1,
      "true_class": "Inflammatory",
      "pred_label": 2,
      "pred_class": "Connective",
      "confidence": 0.2740318179130554,
      "correct": false,
      "probabilities": {
        "Neoplastic": 0.22242125868797302,
        "Inflammatory": 0.19870315492153168,
        "Connective": 0.2740318179130554,
        "Dead": 0.14744633436203003,
        "Epithelial": 0.15739746391773224
      }
    }
  ]
}