{
  "dataset_size": 187247,
  "overall_accuracy": 0.8321094596976186,
  "weighted_f1": 0.8341218765263013,
  "macro_f1": 0.8066988519730929,
  "weighted_precision": 0.8490009913201225,
  "weighted_recall": 0.8321094596976186,
  "auroc_macro": 0.9621840265902598,
  "per_class": {
    "Neoplastic": {
      "precision": 0.9510311257159529,
      "recall": 0.8102090473823291,
      "f1": 0.8749902871472468,
      "support": 76442
    },
    "Inflammatory": {
      "precision": 0.6969579819750163,
      "recall": 0.9058221328978772,
      "f1": 0.7877811309418142,
      "support": 31844
    },
    "Connective": {
      "precision": 0.8128522126599974,
      "recall": 0.7459359778708733,
      "f1": 0.7779577928525886,
      "support": 49889
    },
    "Dead": {
      "precision": 0.5473830293417923,
      "recall": 0.971157228279986,
      "f1": 0.700139470013947,
      "support": 2843
    },
    "Epithelial": {
      "precision": 0.8376851325599278,
      "recall": 0.9552785085211026,
      "f1": 0.8926255789098682,
      "support": 26229
    }
  },
  "class_order": [
    "Neoplastic",
    "Inflammatory",
    "Connective",
    "Dead",
    "Epithelial"
  ],
  "confusion_matrix": [
    [
      61934,
      4590,
      6366,
      1252,
      2300
    ],
    [
      548,
      28845,
      1873,
      158,
      420
    ],
    [
      2469,
      7620,
      37214,
      452,
      2134
    ],
    [
      14,
      42,
      25,
      2761,
      1
    ],
    [
      158,
      290,
      304,
      421,
      25056
    ]
  ]
}