{
  "dataset_images": 7901,
  "overall_accuracy_excluding_background": 0.504952803586762,
  "weighted_f1_excluding_background": 0.4835451991375274,
  "macro_f1_excluding_background": 0.39601262675912696,
  "per_class": {
    "Background": {
      "support": 431233612,
      "precision": 0.9765751650170167,
      "recall": 0.9436585801201415,
      "f1": 0.9598347450505055,
      "dice": 0.9598347450505055,
      "iou": 0.9227713966441905
    },
    "Neoplastic": {
      "support": 44851064,
      "precision": 0.6717536440910838,
      "recall": 0.43571352064245344,
      "f1": 0.5285793648640539,
      "dice": 0.5285793648640538,
      "iou": 0.35923063211303796
    },
    "Inflammatory": {
      "support": 9187777,
      "precision": 0.384278267188669,
      "recall": 0.6027145630548064,
      "f1": 0.4693248031861432,
      "dice": 0.4693248031861432,
      "iou": 0.3066129275257454
    },
    "Connective": {
      "support": 19347373,
      "precision": 0.4043978710554135,
      "recall": 0.5441482417277013,
      "f1": 0.4639782663756357,
      "dice": 0.4639782663756357,
      "iou": 0.30206490977236533
    },
    "Dead": {
      "support": 357957,
      "precision": 0.08337665710518391,
      "recall": 0.5004483778777898,
      "f1": 0.14293910093245263,
      "dice": 0.14293910093245263,
      "iou": 0.07697060500505076
    },
    "Epithelial": {
      "support": 12822153,
      "precision": 0.26939769546924464,
      "recall": 0.6180793506363557,
      "f1": 0.37524159843734955,
      "dice": 0.37524159843734955,
      "iou": 0.23095224377756837
    }
  },
  "class_order": [
    "Background",
    "Neoplastic",
    "Inflammatory",
    "Connective",
    "Dead",
    "Epithelial"
  ],
  "confusion_matrix": [
    [
      406937298,
      6800370,
      3226011,
      7379463,
      505404,
      6385066
    ],
    [
      4922010,
      19542215,
      1539065,
      6366319,
      1204109,
      11277346
    ],
    [
      852325,
      633982,
      5537607,
      800139,
      73030,
      1290694
    ],
    [
      2800356,
      1157854,
      2223984,
      10527839,
      109884,
      2527456
    ],
    [
      57141,
      17683,
      50571,
      41217,
      179139,
      12206
    ],
    [
      1129259,
      939238,
      1833171,
      918392,
      76985,
      7925108
    ]
  ],
  "nuclei_detected_total": 173614,
  "predicted_nuclei_class_counts": {
    "Neoplastic": 28158,
    "Inflammatory": 40195,
    "Connective": 51371,
    "Dead": 6030,
    "Epithelial": 47860
  },
  "per_instance": {
    "count": 139470,
    "accuracy": 0.46369111636911164,
    "weighted_f1": 0.4709452701185357,
    "macro_f1": 0.43659377577074876,
    "weighted_precision": 0.5523874759259181,
    "weighted_recall": 0.46369111636911164,
    "per_class": {
      "Neoplastic": {
        "precision": 0.677335864032439,
        "recall": 0.29901167329994477,
        "f1": 0.41487548715238787,
        "support": 52513
      },
      "Inflammatory": {
        "precision": 0.48120727229304117,
        "recall": 0.6183206106870229,
        "f1": 0.5412147869590035,
        "support": 26069
      },
      "Connective": {
        "precision": 0.5876573923639318,
        "recall": 0.5510092354565362,
        "f1": 0.56874355068547,
        "support": 42012
      },
      "Dead": {
        "precision": 0.2680995475113122,
        "recall": 0.5098967297762479,
        "f1": 0.351423487544484,
        "support": 2324
      },
      "Epithelial": {
        "precision": 0.21847661561353549,
        "recall": 0.5144997583373611,
        "f1": 0.3067115665123985,
        "support": 16552
      }
    }
  },
  "models": {
    "segmentation": "lightning_logs/segmentation/version_1/checkpoints/advanced-epoch=112-val_dice=0.656.ckpt",
    "classifier": "lightning_logs/classifier/classifier_efficientnet_b3_20250727_002713/version_0/checkpoints/classifier-epoch=19-val_f1=0.806.ckpt"
  }
}