{
  "dataset_images": 7901,
  "overall_accuracy_excluding_background": 0.7773840321555066,
  "weighted_f1_excluding_background": 0.7464615487288402,
  "macro_f1_excluding_background": 0.6559361498457824,
  "per_class": {
    "Background": {
      "support": 431233612,
      "precision": 0.9742690814316788,
      "recall": 0.9568912244252427,
      "f1": 0.965501964206059,
      "dice": 0.9655019642060588,
      "iou": 0.9333047824156281
    },
    "Neoplastic": {
      "support": 44851064,
      "precision": 0.7791793058389408,
      "recall": 0.8120283612446741,
      "f1": 0.7952647638957233,
      "dice": 0.7952647638957233,
      "iou": 0.6601157997730288
    },
    "Inflammatory": {
      "support": 9187777,
      "precision": 0.653775190457756,
      "recall": 0.7306424611742318,
      "f1": 0.690074868155011,
      "dice": 0.6900748681550111,
      "iou": 0.5268048160760622
    },
    "Connective": {
      "support": 19347373,
      "precision": 0.6111822534902659,
      "recall": 0.6816479942780862,
      "f1": 0.6444947555166555,
      "dice": 0.6444947555166555,
      "iou": 0.4754645975289508
    },
    "Dead": {
      "support": 357957,
      "precision": 0.2487671206301168,
      "recall": 0.7164519760753386,
      "f1": 0.3693041212432778,
      "dice": 0.3693041212432778,
      "iou": 0.22647026098136908
    },
    "Epithelial": {
      "support": 12822153,
      "precision": 0.7320990879197491,
      "recall": 0.8358506562821392,
      "f1": 0.7805422404182448,
      "dice": 0.7805422404182447,
      "iou": 0.6400732081822595
    }
  },
  "class_order": [
    "Background",
    "Neoplastic",
    "Inflammatory",
    "Connective",
    "Dead",
    "Epithelial"
  ],
  "confusion_matrix": [
    [
      412643659,
      8439506,
      1496889,
      5411440,
      282942,
      2959176
    ],
    [
      5478136,
      36420336,
      478255,
      1629228,
      364692,
      480417
    ],
    [
      975011,
      339190,
      6712980,
      958787,
      47681,
      154128
    ],
    [
      3090218,
      1317356,
      1365008,
      13188098,
      59139,
      327554
    ],
    [
      65120,
      18302,
      5212,
      12262,
      256459,
      602
    ],
    [
      1289634,
      207229,
      209681,
      378197,
      20007,
      10717405
    ]
  ],
  "nuclei_detected_total": 173614,
  "predicted_nuclei_class_counts": {
    "Neoplastic": 28158,
    "Inflammatory": 40195,
    "Connective": 51371,
    "Dead": 6030,
    "Epithelial": 47860
  },
  "per_instance": {
    "count": 139486,
    "accuracy": 0.8122177136056665,
    "weighted_f1": 0.8145653364265724,
    "macro_f1": 0.7837956899801239,
    "weighted_precision": 0.8206042659882326,
    "weighted_recall": 0.8122177136056665,
    "per_class": {
      "Neoplastic": {
        "precision": 0.9018751396704793,
        "recall": 0.8452589489718203,
        "f1": 0.8726497154595402,
        "support": 52520
      },
      "Inflammatory": {
        "precision": 0.7135829840302075,
        "recall": 0.7900207102861088,
        "f1": 0.7498589395897417,
        "support": 26074
      },
      "Connective": {
        "precision": 0.7741745138052271,
        "recall": 0.7494287890327495,
        "f1": 0.7616006965860029,
        "support": 42016
      },
      "Dead": {
        "precision": 0.4950357885015008,
        "recall": 0.9225473321858864,
        "f1": 0.6443275732531931,
        "support": 2324
      },
      "Epithelial": {
        "precision": 0.8948877501220107,
        "recall": 0.8862373127114548,
        "f1": 0.8905415250121418,
        "support": 16552
      }
    }
  },
  "models": {
    "segmentation": "lightning_logs/segmentation/version_1/checkpoints/advanced-epoch=112-val_dice=0.656.ckpt",
    "classifier": "lightning_logs/classifier/classifier_efficientnet_b3_20250727_002713/version_0/checkpoints/classifier-epoch=19-val_f1=0.806.ckpt"
  }
}