{
  "dataset_images": 7901,
  "overall_accuracy_excluding_background": 0.299445290064529,
  "weighted_f1_excluding_background": 0.31667947264337865,
  "macro_f1_excluding_background": 0.2728917345249376,
  "per_class": {
    "Background": {
      "support": 431233612,
      "precision": 0.9335097311920529,
      "recall": 0.9436862008799073,
      "f1": 0.9385703821984226,
      "dice": 0.9385703821984226,
      "iou": 0.8842511707393095
    },
    "Neoplastic": {
      "support": 44851064,
      "precision": 0.5853271287675577,
      "recall": 0.22191335304776716,
      "f1": 0.3218171256291052,
      "dice": 0.3218171256291052,
      "iou": 0.19176523044292518
    },
    "Inflammatory": {
      "support": 9187777,
      "precision": 0.3248525757083634,
      "recall": 0.4512136069475783,
      "f1": 0.3777458822131545,
      "dice": 0.3777458822131545,
      "iou": 0.23285247241566137
    },
    "Connective": {
      "support": 19347373,
      "precision": 0.31430428466099297,
      "recall": 0.3567424890190518,
      "f1": 0.3341814526710676,
      "dice": 0.3341814526710675,
      "iou": 0.20061095682174565
    },
    "Dead": {
      "support": 357957,
      "precision": 0.05666187289537909,
      "recall": 0.3142444483555287,
      "f1": 0.09601173110638059,
      "dice": 0.09601173110638059,
      "iou": 0.05042664005601864
    },
    "Epithelial": {
      "support": 12822153,
      "precision": 0.17079545485220343,
      "recall": 0.3750276572117023,
      "f1": 0.23470248100497995,
      "dice": 0.2347024810049799,
      "iou": 0.13295349847803303
    }
  },
  "class_order": [
    "Background",
    "Neoplastic",
    "Inflammatory",
    "Connective",
    "Dead",
    "Epithelial"
  ],
  "confusion_matrix": [
    [
      406949209,
      4702298,
      3327627,
      7984525,
      557977,
      7711976
    ],
    [
      14855141,
      9953050,
      1514986,
      5717912,
      1117466,
      11692509
    ],
    [
      2473138,
      586660,
      4145650,
      547250,
      62030,
      1373049
    ],
    [
      7023718,
      816118,
      1959857,
      6902030,
      90618,
      2555032
    ],
    [
      126798,
      11559,
      54142,
      39692,
      112486,
      13280
    ],
    [
      4506615,
      934567,
      1759373,
      768298,
      44638,
      4808662
    ]
  ],
  "nuclei_detected_total": 153931,
  "predicted_nuclei_class_counts": {
    "Neoplastic": 25337,
    "Inflammatory": 35205,
    "Connective": 45762,
    "Dead": 4985,
    "Epithelial": 42642
  },
  "models": {
    "segmentation": "lightning_logs/segmentation/version_1/checkpoints/advanced-epoch=112-val_dice=0.656.ckpt",
    "classifier": "lightning_logs/classifier/classifier_efficientnet_b3_20250727_002713/version_0/checkpoints/classifier-epoch=19-val_f1=0.806.ckpt"
  }
}