{
  "image_path": "array_input",
  "original_size": [
    256,
    256
  ],
  "nuclei_count": 16,
  "statistics": {
    "total_count": 16,
    "class_distribution": {
      "Neoplastic": 7,
      "Inflammatory": 3,
      "Connective": 4,
      "Epithelial": 2
    },
    "area_stats": {
      "mean": 863.4375,
      "std": 741.856031244439,
      "min": 62.0,
      "max": 2499.0,
      "median": 686.0
    },
    "stage_agreement": 0.5,
    "confidence_stats": {
      "mean": 0.2928076134994626,
      "std": 0.03754248187068614,
      "min": 0.24782000482082367,
      "max": 0.3679291605949402,
      "median": 0.278732031583786
    },
    "class_confidence": {
      "Neoplastic": {
        "mean": 0.2603808322123119,
        "count": 7
      },
      "Inflammatory": {
        "mean": 0.3406497339407603,
        "count": 3
      },
      "Connective": {
        "mean": 0.30492931604385376,
        "count": 4
      },
      "Epithelial": {
        "mean": 0.3102947622537613,
        "count": 2
      }
    }
  },
  "processing_info": {
    "min_nucleus_area": 50,
    "max_nucleus_area": 5000,
    "context_padding": 32,
    "device": "cuda",
    "confidence_threshold": 0.6
  }
}