{
  "image_path": "array_input",
  "original_size": [
    256,
    256
  ],
  "nuclei_count": 13,
  "statistics": {
    "total_count": 13,
    "class_distribution": {
      "Inflammatory": 5,
      "Neoplastic": 4,
      "Connective": 4
    },
    "area_stats": {
      "mean": 498.6923076923077,
      "std": 671.542470690297,
      "min": 127.0,
      "max": 2755.0,
      "median": 280.0
    },
    "stage_agreement": 0.5384615384615384,
    "confidence_stats": {
      "mean": 0.3012230029472938,
      "std": 0.04632885113243815,
      "min": 0.2534269392490387,
      "max": 0.38914164900779724,
      "median": 0.27635446190834045
    },
    "class_confidence": {
      "Inflammatory": {
        "mean": 0.3451532781124115,
        "count": 5
      },
      "Neoplastic": {
        "mean": 0.2645498290657997,
        "count": 4
      },
      "Connective": {
        "mean": 0.28298333287239075,
        "count": 4
      }
    }
  },
  "processing_info": {
    "min_nucleus_area": 50,
    "max_nucleus_area": 5000,
    "context_padding": 32,
    "device": "cuda"
  }
}