{
  "sample_info": {
    "dataset_path": "Dataset",
    "fold": 1,
    "sample_idx": 0,
    "image_shape": [
      256,
      256,
      3
    ]
  },
  "models": {
    "segmentation_model": "lightning_logs/segmentation/version_1/checkpoints/advanced-epoch=112-val_dice=0.656.ckpt",
    "classifier_model": "lightning_logs/classifier/classifier_efficientnet_b3_20250727_002713/version_0/checkpoints/classifier-epoch=19-val_f1=0.806.ckpt"
  },
  "pipeline_results": {
    "nuclei_detected": 13,
    "classification_counts": {
      "Neoplastic": 4,
      "Inflammatory": 5,
      "Connective": 4,
      "Dead": 0,
      "Epithelial": 0
    }
  },
  "performance_metrics": {
    "overall_accuracy": 0.4895833333333333,
    "weighted_f1": 0.5171870470561492,
    "class_metrics": {
      "Neoplastic": {
        "precision": 0.6594418052256532,
        "recall": 0.5077732053040696,
        "f1": 0.5737535520537329,
        "support": "4374"
      },
      "Inflammatory": {
        "precision": 0.24973544973544973,
        "recall": 0.3006369426751592,
        "f1": 0.2728323699421965,
        "support": "785"
      },
      "Connective": {
        "precision": 0.41135204081632654,
        "recall": 0.5480033984706882,
        "f1": 0.4699453551912569,
        "support": "1177"
      },
      "Dead": {
        "precision": 0.0,
        "recall": 0.0,
        "f1": 0.0,
        "support": "0"
      },
      "Epithelial": {
        "precision": 0.0,
        "recall": 0.0,
        "f1": 0.0,
        "support": "0"
      }
    }
  },
  "individual_classifications": [
    {
      "nucleus_id": 0,
      "predicted_class": 1,
      "predicted_class_name": "Inflammatory",
      "confidence": 0.27011334896087646,
      "area": 127.0,
      "centroid": [
        27.58267716535433,
        243.46456692913387
      ]
    },
    {
      "nucleus_id": 1,
      "predicted_class": 0,
      "predicted_class_name": "Neoplastic",
      "confidence": 0.2706087827682495,
      "area": 2755.0,
      "centroid": [
        177.16297640653357,
        40.630852994555354
      ]
    },
    {
      "nucleus_id": 2,
      "predicted_class": 2,
      "predicted_class_name": "Connective",
      "confidence": 0.27635446190834045,
      "area": 696.0,
      "centroid": [
        174.58620689655172,
        210.44827586206895
      ]
    },
    {
      "nucleus_id": 3,
      "predicted_class": 0,
      "predicted_class_name": "Neoplastic",
      "confidence": 0.265409916639328,
      "area": 167.0,
      "centroid": [
        218.31736526946108,
        174.91616766467067
      ]
    },
    {
      "nucleus_id": 4,
      "predicted_class": 0,
      "predicted_class_name": "Neoplastic",
      "confidence": 0.2630937695503235,
      "area": 487.0,
      "centroid": [
        237.37782340862424,
        101.05954825462013
      ]
    },
    {
      "nucleus_id": 5,
      "predicted_class": 1,
      "predicted_class_name": "Inflammatory",
      "confidence": 0.38914164900779724,
      "area": 129.0,
      "centroid": [
        36.310077519379846,
        194.80620155038758
      ]
    },
    {
      "nucleus_id": 6,
      "predicted_class": 1,
      "predicted_class_name": "Inflammatory",
      "confidence": 0.35829004645347595,
      "area": 200.0,
      "centroid": [
        124.465,
        230.225
      ]
    },
    {
      "nucleus_id": 7,
      "predicted_class": 2,
      "predicted_class_name": "Connective",
      "confidence": 0.2534269392490387,
      "area": 528.0,
      "centroid": [
        201.88257575757575,
        232.4715909090909
      ]
    },
    {
      "nucleus_id": 8,
      "predicted_class": 1,
      "predicted_class_name": "Inflammatory",
      "confidence": 0.3242541551589966,
      "area": 343.0,
      "centroid": [
        10.376093294460642,
        210.0991253644315
      ]
    },
    {
      "nucleus_id": 9,
      "predicted_class": 2,
      "predicted_class_name": "Connective",
      "confidence": 0.29060032963752747,
      "area": 240.0,
      "centroid": [
        64.77083333333333,
        98.35
      ]
    },
    {
      "nucleus_id": 10,
      "predicted_class": 2,
      "predicted_class_name": "Connective",
      "confidence": 0.31155160069465637,
      "area": 336.0,
      "centroid": [
        89.05952380952381,
        76.5
      ]
    },
    {
      "nucleus_id": 11,
      "predicted_class": 1,
      "predicted_class_name": "Inflammatory",
      "confidence": 0.38396719098091125,
      "area": 280.0,
      "centroid": [
        103.51071428571429,
        205.99642857142857
      ]
    },
    {
      "nucleus_id": 12,
      "predicted_class": 0,
      "predicted_class_name": "Neoplastic",
      "confidence": 0.25908684730529785,
      "area": 195.0,
      "centroid": [
        204.7948717948718,
        114.49230769230769
      ]
    }
  ]
}