{
  "0": {
    "params": {
      "lr": 0.0001329291894316216,
      "dropout": 0.28767857660247903,
      "weight_decay": 0.0008471801418819979,
      "grad_clip_val": 1.2374511199743696,
      "mixup_alpha": 0.20921304830970558,
      "ema_decay": 0.9954679835610086,
      "start_size": 96,
      "end_size": 288,
      "focal_alpha": 0.6410035105688879,
      "focal_gamma": 2.416145155592091,
      "dice_weight": 0.3102922471479012,
      "focal_weight": 0.39097295564859835,
      "boundary_weight": 0.17486639612006327,
      "pct_start": 0.2818508666017414,
      "div_factor": 12,
      "final_div_factor": 265,
      "use_mixup": false,
      "use_ema": true,
      "progressive_resize": true
    },
    "original_value": 0.6084834337234497,
    "reason": "Used incorrect mask classes (early trial)"
  },
  "2": {
    "params": {
      "lr": 0.0001329291894316216,
      "dropout": 0.28767857660247903,
      "weight_decay": 0.0008471801418819979,
      "grad_clip_val": 1.2374511199743696,
      "mixup_alpha": 0.20921304830970558,
      "ema_decay": 0.9954679835610086,
      "start_size": 96,
      "end_size": 288,
      "focal_alpha": 0.6410035105688879,
      "focal_gamma": 2.416145155592091,
      "dice_weight": 0.3102922471479012,
      "focal_weight": 0.39097295564859835,
      "boundary_weight": 0.17486639612006327,
      "pct_start": 0.2818508666017414,
      "div_factor": 12,
      "final_div_factor": 265,
      "use_mixup": false,
      "use_ema": true,
      "progressive_resize": true
    },
    "original_value": 0.6149490475654602,
    "reason": "Used incorrect mask classes (early trial)"
  },
  "4": {
    "params": {
      "lr": 0.0001329291894316216,
      "dropout": 0.28767857660247903,
      "weight_decay": 0.0008471801418819979,
      "grad_clip_val": 1.2374511199743696,
      "mixup_alpha": 0.20921304830970558,
      "ema_decay": 0.9954679835610086,
      "start_size": 96,
      "end_size": 288,
      "focal_alpha": 0.6410035105688879,
      "focal_gamma": 2.416145155592091,
      "dice_weight": 0.3102922471479012,
      "focal_weight": 0.39097295564859835,
      "boundary_weight": 0.17486639612006327,
      "pct_start": 0.2818508666017414,
      "div_factor": 12,
      "final_div_factor": 265,
      "use_mixup": false,
      "use_ema": true,
      "progressive_resize": true
    },
    "original_value": 0.5941229462623596,
    "reason": "Used incorrect mask classes (early trial)"
  }
}